"ref_align"	"read_align"	"freq_mean"
"GACTCCTCCC-GACGGCTGCT"	"GACTCCTCCCTGACGGCTGCT"	0.6036636136552873
"GACTCCTCCCGACGGCTGCT"	"GACTCCTCCCGACGGCTGCT"	0.13238967527060783
"GACTCCTCCCGACGGCTGCT"	"GACTCCTCCC-ACGGCTGCT"	0.03746877601998335
"GACTCCTCCCGACGGCTGCT"	"GACTCCTCC-GACGGCTGCT"	0.02997502081598668
"GACTCCTCCCGACGGCTGCT"	"GACTCCTCC---CGGCTGCT"	0.02414654454621149
"GACTCCTCCCGACGGCTGCT"	"GACTCCTCCC--CGGCTGCT"	0.01582014987510408
"GACTCCTCCCGACGGCTGCT"	"GACTCCTCCC-----CTGCT"	0.009991673605328892
"GACTCCTCCCGACGGCTGCT"	"GACTCCTCC------CTGCT"	0.009159034138218152
"GACTCCTCCCGACGGCTGCT"	"-------------GGCTGCT"	0.00832639467110741
"GACTCCTCCC-GACGGCTGCT"	"GACTCCTCCCAGACGGCTGCT"	0.00832639467110741
"GACTCCTCCC--GACGGCTGCT"	"GACTCCTCCCTTGACGGCTGCT"	0.00832639467110741
"GACTCCTCCC--GACGGCTGCT"	"GACTCCTCCCTGGACGGCTGCT"	0.00749375520399667
"GACTCCTCCCGACGGCTGCT"	"GACTCCTCC--ACGGCTGCT"	0.006661115736885929
"GACTCCTCCCGACGGCTGCT"	"GACTCCTC----CGGCTGCT"	0.005828476269775187
"GACTCCTCCCGACGGCTGCT"	"------------CGGCTGCT"	0.005828476269775187
"GACTCCTCCCGACGGCTGCT"	"GACTCCTC-------CTGCT"	0.005828476269775187
"GACTCCTCCCGACGGCTGCT"	"----------------TGCT"	0.004163197335553705
"GACTCCTCCCGACGGCTGCT"	"GACTCCTC--GACGGCTGCT"	0.004163197335553705
"GACTCCTCCC--GACGGCTGCT"	"GACTCCTCCCTAGACGGCTGCT"	0.004163197335553705
"GACTCCTCCCGACGGCTGCT"	"GACTC-----GACGGCTGCT"	0.0033305578684429643
"GACTCCTCCCGACGGCTGCT"	"GACTCC----GACGGCTGCT"	0.0033305578684429643
"GACTCCTCCCGACGGCTGCT"	"GACTCCT-----CGGCTGCT"	0.0033305578684429643
"GACTCCTCCCGACGGCTGCT"	"GACTCCT---GACGGCTGCT"	0.0033305578684429643
"GACTCCTCCC-GACGGCTGCT"	"GACTCCTCCCGGACGGCTGCT"	0.002497918401332223
"GACTCCTCCCGACGGCTGCT"	"GACTCCTCC---------CT"	0.002497918401332223
"GACTCCTCCCGACGGCTGCT"	"GACTCCTCCC----GCTGCT"	0.002497918401332223
"GACTCCTCCCGACGGCTGCT"	"GACTCCTCCC-------GCT"	0.002497918401332223
"GACTCCTCCC--GACGGCTGCT"	"GACTCCTCCCGAGACGGCTGCT"	0.002497918401332223
"GACTCCTCCCGACGGCTGCT"	"GACTCCT----ACGGCTGCT"	0.002497918401332223
"GACTCCTCCCGACGGCTGCT"	"GACTCC------CGGCTGCT"	0.002497918401332223
"GACTCCTCCCGACGGCTGCT"	"GACTC-------CGGCTGCT"	0.002497918401332223
"GACTCCTCCCGACGGCTGCT"	"GACTC----------CTGCT"	0.002497918401332223
"GACTCCTCCCGACGGCTGCT"	"GACTCCT------GGCTGCT"	0.002497918401332223
"GACTCCTCCCGACGGCTGCT"	"GA----------------CT"	0.0016652789342214821
"GACTCCTCCCGACGGCTGCT"	"GA-------------CTGCT"	0.0016652789342214821
"GACTCCTCCCGACGGCTGCT"	"GACTCC--------------"	0.0016652789342214821
"GACTCCTCCCGACGGCTGCT"	"GACTCC-----ACGGCTGCT"	0.0016652789342214821
"GACTCCTCCC-GACGGCTGCT"	"GACTCCTCCCCGACGGCTGCT"	0.0016652789342214821
"GACTCCTCCC-----GACGGCTGCT"	"GACTCCTCCCGACGAGACGGCTGCT"	0.0016652789342214821
"GACTCCTCCC-----GACGGCTGCT"	"GACTCCTCCCGAAGAGACGGCTGCT"	0.0008326394671107411
"GACTCCTCCCGACGGCTGCT"	"GACTCCTCCC----------"	0.0008326394671107411
"GACTCCTCCCGACGGCTGCT"	"GACTCCTCCC--------CT"	0.0008326394671107411
"GACTCCTCCC--GACGGCTGCT"	"GACTCCTCCCCAGACGGCTGCT"	0.0008326394671107411
"GACTCCTCCC---GACGGCTGCT"	"GACTCCTCCCTGTGACGGCTGCT"	0.0008326394671107411
"GACTCCTCCC----GACGGCTGCT"	"GACTCCTCCCGACAGACGGCTGCT"	0.0008326394671107411
"GACTCCTCCC------GACGGCTGCT"	"GACTCCTCCCGACGCAGACGGCTGCT"	0.0008326394671107411
"GACTCCTCCC-----GACGGCTGCT"	"GACTCCTCCCGCGCAGACGGCTGCT"	0.0008326394671107411
"GACTCCTCCC---GACGGCTGCT"	"GACTCCTCCCTGAGACGGCTGCT"	0.0008326394671107411
"GACTCCTCCCGACGGCTGCT"	"GACTCCTCC-----------"	0.0008326394671107411
"GACTCCTCCCGACGGCTGCT"	"GACTCCTCC-----GCTGCT"	0.0008326394671107411
"GACTCCTCCCGACGGCTGCT"	"GA--------GACGGCTGCT"	0.0008326394671107411
"GACTCCTCCCGACGGCTGCT"	"GACTCCTC---ACGGCTGCT"	0.0008326394671107411
"GACTCCTCCCGACGGCTGCT"	"GACTCCTC------GCTGCT"	0.0008326394671107411
"GACTCCTCCCGACGGCTGCT"	"GACTCCTC----------CT"	0.0008326394671107411
"GACTCCTCCCGACGGCTGCT"	"GACTCCT--------CTGCT"	0.0008326394671107411
"GACTCCTCCCGACGGCTGCT"	"GACTCC-----------GCT"	0.0008326394671107411
"GACTCCTCCCGACGGCTGCT"	"GA---------------GCT"	0.0008326394671107411
"GACTCCTCCCGACGGCTGCT"	"G---------GACGGCTGCT"	0.0008326394671107411
"GACTCCTCCCGACGGCTGCT"	"G------------GGCTGCT"	0.0008326394671107411
"GACTCCTCCCGACGGCTGCT"	"G----------------GCT"	0.0008326394671107411
"GACTCCTCCCGACGGCTGCT"	"----------GACGGCTGCT"	0.0008326394671107411
"GACTCCTCCCGACGGCTGCT"	"-----------------GCT"	0.0008326394671107411
"GACTCCTCCC-----GACGGCTGCT"	"GACTCCTCCCTGTGTGACGGCTGCT"	0.0008326394671107411
