"id"	"ref_align"	"read_align"	"freq_mean"	"is_ref"	"dist_ref"	"variation_type"	"substitution"	"insertion"	"deletion"	"indel"
"S1"	"GACTCCTCCC-GACGGCTGCT"	"GACTCCTCCCTGACGGCTGCT"	0.6036636136552873	False	1	"insertion"	0	1	0	1
"S2"	"GACTCCTCCCGACGGCTGCT"	"GACTCCTCCCGACGGCTGCT"	0.1323896752706078	True	0	"none"	0	0	0	0
"S3"	"GACTCCTCCCGACGGCTGCT"	"GACTCCTCCC-ACGGCTGCT"	0.0374687760199833	False	1	"deletion"	0	0	1	1
"S4"	"GACTCCTCCCGACGGCTGCT"	"GACTCCTCC-GACGGCTGCT"	0.0299750208159866	False	1	"deletion"	0	0	1	1
"S5"	"GACTCCTCCCGACGGCTGCT"	"GACTCCTCC---CGGCTGCT"	0.0241465445462114	False	3	"deletion"	0	0	3	3
"S6"	"GACTCCTCCCGACGGCTGCT"	"GACTCCTCCC--CGGCTGCT"	0.015820149875104	False	2	"deletion"	0	0	2	2
"S7"	"GACTCCTCCCGACGGCTGCT"	"GACTCCTCCC-----CTGCT"	0.0099916736053288	False	5	"deletion"	0	0	5	5
"S8"	"GACTCCTCCCGACGGCTGCT"	"GACTCCTCC------CTGCT"	0.0091590341382181	False	6	"deletion"	0	0	6	6
"S9"	"GACTCCTCCCGACGGCTGCT"	"-------------GGCTGCT"	0.0083263946711074	False	13	"deletion"	0	0	13	13
"S10"	"GACTCCTCCC-GACGGCTGCT"	"GACTCCTCCCAGACGGCTGCT"	0.0083263946711074	False	1	"insertion"	0	1	0	1
"S11"	"GACTCCTCCC--GACGGCTGCT"	"GACTCCTCCCTTGACGGCTGCT"	0.0083263946711074	False	2	"insertion"	0	2	0	2
"S12"	"GACTCCTCCC--GACGGCTGCT"	"GACTCCTCCCTGGACGGCTGCT"	0.0074937552039966	False	2	"insertion"	0	2	0	2
"S13"	"GACTCCTCCCGACGGCTGCT"	"GACTCCTCC--ACGGCTGCT"	0.0066611157368859	False	2	"deletion"	0	0	2	2
"S16"	"GACTCCTCCCGACGGCTGCT"	"GACTCCTC-------CTGCT"	0.0058284762697751	False	7	"deletion"	0	0	7	7
"S14"	"GACTCCTCCCGACGGCTGCT"	"GACTCCTC----CGGCTGCT"	0.0058284762697751	False	4	"deletion"	0	0	4	4
"S15"	"GACTCCTCCCGACGGCTGCT"	"------------CGGCTGCT"	0.0058284762697751	False	12	"deletion"	0	0	12	12
"S17"	"GACTCCTCCCGACGGCTGCT"	"----------------TGCT"	0.0041631973355537	False	16	"deletion"	0	0	16	16
"S18"	"GACTCCTCCCGACGGCTGCT"	"GACTCCTC--GACGGCTGCT"	0.0041631973355537	False	2	"deletion"	0	0	2	2
"S19"	"GACTCCTCCC--GACGGCTGCT"	"GACTCCTCCCTAGACGGCTGCT"	0.0041631973355537	False	2	"insertion"	0	2	0	2
"S20"	"GACTCCTCCCGACGGCTGCT"	"GACTC-----GACGGCTGCT"	0.0033305578684429	False	5	"deletion"	0	0	5	5
"S21"	"GACTCCTCCCGACGGCTGCT"	"GACTCC----GACGGCTGCT"	0.0033305578684429	False	4	"deletion"	0	0	4	4
"S22"	"GACTCCTCCCGACGGCTGCT"	"GACTCCT-----CGGCTGCT"	0.0033305578684429	False	5	"deletion"	0	0	5	5
"S23"	"GACTCCTCCCGACGGCTGCT"	"GACTCCT---GACGGCTGCT"	0.0033305578684429	False	3	"deletion"	0	0	3	3
"S33"	"GACTCCTCCCGACGGCTGCT"	"GACTCCT------GGCTGCT"	0.0024979184013322	False	6	"deletion"	0	0	6	6
"S29"	"GACTCCTCCCGACGGCTGCT"	"GACTCCT----ACGGCTGCT"	0.0024979184013322	False	4	"deletion"	0	0	4	4
"S31"	"GACTCCTCCCGACGGCTGCT"	"GACTC-------CGGCTGCT"	0.0024979184013322	False	7	"deletion"	0	0	7	7
"S30"	"GACTCCTCCCGACGGCTGCT"	"GACTCC------CGGCTGCT"	0.0024979184013322	False	6	"deletion"	0	0	6	6
"S32"	"GACTCCTCCCGACGGCTGCT"	"GACTC----------CTGCT"	0.0024979184013322	False	10	"deletion"	0	0	10	10
"S28"	"GACTCCTCCC--GACGGCTGCT"	"GACTCCTCCCGAGACGGCTGCT"	0.0024979184013322	False	2	"insertion"	0	2	0	2
"S26"	"GACTCCTCCCGACGGCTGCT"	"GACTCCTCCC----GCTGCT"	0.0024979184013322	False	4	"deletion"	0	0	4	4
"S25"	"GACTCCTCCCGACGGCTGCT"	"GACTCCTCC---------CT"	0.0024979184013322	False	9	"deletion"	0	0	9	9
"S24"	"GACTCCTCCC-GACGGCTGCT"	"GACTCCTCCCGGACGGCTGCT"	0.0024979184013322	False	1	"insertion"	0	1	0	1
"S27"	"GACTCCTCCCGACGGCTGCT"	"GACTCCTCCC-------GCT"	0.0024979184013322	False	7	"deletion"	0	0	7	7
"S34"	"GACTCCTCCCGACGGCTGCT"	"GA----------------CT"	0.0016652789342214	False	16	"deletion"	0	0	16	16
"S35"	"GACTCCTCCCGACGGCTGCT"	"GA-------------CTGCT"	0.0016652789342214	False	13	"deletion"	0	0	13	13
"S36"	"GACTCCTCCCGACGGCTGCT"	"GACTCC--------------"	0.0016652789342214	False	14	"deletion"	0	0	14	14
"S37"	"GACTCCTCCCGACGGCTGCT"	"GACTCC-----ACGGCTGCT"	0.0016652789342214	False	5	"deletion"	0	0	5	5
"S38"	"GACTCCTCCC-GACGGCTGCT"	"GACTCCTCCCCGACGGCTGCT"	0.0016652789342214	False	1	"insertion"	0	1	0	1
"S39"	"GACTCCTCCC-----GACGGCTGCT"	"GACTCCTCCCGACGAGACGGCTGCT"	0.0016652789342214	False	5	"insertion"	0	5	0	5
"S57"	"GACTCCTCCCGACGGCTGCT"	"GA---------------GCT"	0.0008326394671107	False	15	"deletion"	0	0	15	15
"S54"	"GACTCCTCCCGACGGCTGCT"	"GACTCCTC----------CT"	0.0008326394671107	False	10	"deletion"	0	0	10	10
"S55"	"GACTCCTCCCGACGGCTGCT"	"GACTCCT--------CTGCT"	0.0008326394671107	False	8	"deletion"	0	0	8	8
"S56"	"GACTCCTCCCGACGGCTGCT"	"GACTCC-----------GCT"	0.0008326394671107	False	11	"deletion"	0	0	11	11
"S62"	"GACTCCTCCCGACGGCTGCT"	"-----------------GCT"	0.0008326394671107	False	17	"deletion"	0	0	17	17
"S58"	"GACTCCTCCCGACGGCTGCT"	"G---------GACGGCTGCT"	0.0008326394671107	False	9	"deletion"	0	0	9	9
"S59"	"GACTCCTCCCGACGGCTGCT"	"G------------GGCTGCT"	0.0008326394671107	False	12	"deletion"	0	0	12	12
"S60"	"GACTCCTCCCGACGGCTGCT"	"G----------------GCT"	0.0008326394671107	False	16	"deletion"	0	0	16	16
"S61"	"GACTCCTCCCGACGGCTGCT"	"----------GACGGCTGCT"	0.0008326394671107	False	10	"deletion"	0	0	10	10
"S52"	"GACTCCTCCCGACGGCTGCT"	"GACTCCTC---ACGGCTGCT"	0.0008326394671107	False	3	"deletion"	0	0	3	3
"S53"	"GACTCCTCCCGACGGCTGCT"	"GACTCCTC------GCTGCT"	0.0008326394671107	False	6	"deletion"	0	0	6	6
"S46"	"GACTCCTCCC------GACGGCTGCT"	"GACTCCTCCCGACGCAGACGGCTGCT"	0.0008326394671107	False	6	"insertion"	0	6	0	6
"S51"	"GACTCCTCCCGACGGCTGCT"	"GA--------GACGGCTGCT"	0.0008326394671107	False	8	"deletion"	0	0	8	8
"S50"	"GACTCCTCCCGACGGCTGCT"	"GACTCCTCC-----GCTGCT"	0.0008326394671107	False	5	"deletion"	0	0	5	5
"S49"	"GACTCCTCCCGACGGCTGCT"	"GACTCCTCC-----------"	0.0008326394671107	False	11	"deletion"	0	0	11	11
"S48"	"GACTCCTCCC---GACGGCTGCT"	"GACTCCTCCCTGAGACGGCTGCT"	0.0008326394671107	False	3	"insertion"	0	3	0	3
"S47"	"GACTCCTCCC-----GACGGCTGCT"	"GACTCCTCCCGCGCAGACGGCTGCT"	0.0008326394671107	False	5	"insertion"	0	5	0	5
"S45"	"GACTCCTCCC----GACGGCTGCT"	"GACTCCTCCCGACAGACGGCTGCT"	0.0008326394671107	False	4	"insertion"	0	4	0	4
"S44"	"GACTCCTCCC---GACGGCTGCT"	"GACTCCTCCCTGTGACGGCTGCT"	0.0008326394671107	False	3	"insertion"	0	3	0	3
"S43"	"GACTCCTCCC--GACGGCTGCT"	"GACTCCTCCCCAGACGGCTGCT"	0.0008326394671107	False	2	"insertion"	0	2	0	2
"S42"	"GACTCCTCCCGACGGCTGCT"	"GACTCCTCCC--------CT"	0.0008326394671107	False	8	"deletion"	0	0	8	8
"S41"	"GACTCCTCCCGACGGCTGCT"	"GACTCCTCCC----------"	0.0008326394671107	False	10	"deletion"	0	0	10	10
"S40"	"GACTCCTCCC-----GACGGCTGCT"	"GACTCCTCCCGAAGAGACGGCTGCT"	0.0008326394671107	False	5	"insertion"	0	5	0	5
"S63"	"GACTCCTCCC-----GACGGCTGCT"	"GACTCCTCCCTGTGTGACGGCTGCT"	0.0008326394671107	False	5	"insertion"	0	5	0	5
